,INFY.NS,HDFCBANK.NS,TCS.NS,RELIANCE.NS,ADANIENT.NS,ICICIBANK.NS
INFY.NS, 1 , 0.24815582931092048 , 0.7984698221582216 , 0.2522227837903271 , 0.1848431966663686 , 0.17622335740878373 
HDFCBANK.NS, 0.24815582931092048 , 1 , 0.27963573695904803 , 0.40039688988300104 , 0.49551894503851734 , 0.6348564179130861 
TCS.NS, 0.7984698221582216 , 0.27963573695904803 , 1 , 0.2653628140584033 , 0.23146862863183373 , 0.17984609078969402 
RELIANCE.NS, 0.2522227837903271 , 0.40039688988300104 , 0.2653628140584033 , 1 , 0.39673984604261464 , 0.15833116222637278 
ADANIENT.NS, 0.1848431966663686 , 0.49551894503851734 , 0.23146862863183373 , 0.39673984604261464 , 1 , 0.42379132804051095 
ICICIBANK.NS, 0.17622335740878373 , 0.6348564179130861 , 0.17984609078969402 , 0.15833116222637278 , 0.42379132804051095 , 1 